level,type,source,title,url,duration_sec,published
A2,video,VOA Learning English · Let's Learn English (YouTube),Introducing Let's Learn English,https://www.youtube.com/watch?v=M8kGGThGdJE,34,
A2,video,VOA Learning English · Let's Learn English (YouTube),Let's Learn English Lesson 1 - Welcome!,https://www.youtube.com/watch?v=WR9_nsLyaEY,231,
A2,video,VOA Learning English · Let's Learn English (YouTube),"Let's Learn English Lesson 2: Hello, I'm Anna!",https://www.youtube.com/watch?v=1-U7o9xjWQc,240,
A2,video,VOA Learning English · Let's Learn English (YouTube),Let's Learn English Lesson 3: I'm Here!,https://www.youtube.com/watch?v=IEA9LMy-N3M,301,
A2,video,VOA Learning English · Let's Learn English (YouTube),Let's Learn English Lesson 4: What is it?,https://www.youtube.com/watch?v=Z5PF-vJdUdc,322,
A2,video,VOA Learning English · Let's Learn English (YouTube),Let's Learn English Lesson 5: Where Are You?,https://www.youtube.com/watch?v=lDaZB5BBw7M,241,
A2,video,VOA Learning English · Let's Learn English (YouTube),Let's Learn English Lesson 6 - Where Is the Gym,https://www.youtube.com/watch?v=T3AJ29_2IX8,442,
A2,video,VOA Learning English · Let's Learn English (YouTube),Let's Learn English Lesson 7 - What Are You Doing?,https://www.youtube.com/watch?v=Ka33lX-kbMg,474,
A2,video,VOA Learning English · Let's Learn English (YouTube),Let's Learn English Lesson 8: Are You Busy?,https://www.youtube.com/watch?v=sp0cwcd1fGE,235,
A2,video,VOA Learning English · Let's Learn English (YouTube),Let's Learn English Lesson 9: Is It Cold?,https://www.youtube.com/watch?v=ZfdNbSe7Prw,303,
A2,video,VOA Learning English · Let's Learn English (YouTube),Lesson 10: Come Over to My Place,https://www.youtube.com/watch?v=1Lo_ICJYxZI,301,
A2,video,VOA Learning English · Let's Learn English (YouTube),Lesson 11: This Is My Neighborhood,https://www.youtube.com/watch?v=8_npDNRKGIE,300,
A2,video,VOA Learning English · Let's Learn English (YouTube),Let's Learn English Lesson 12: Meet My Family,https://www.youtube.com/watch?v=cyRaZA9ZD08,301,
A2,video,VOA Learning English · Let's Learn English (YouTube),"Let's Learn English Lesson 13: Happy Birthday, William Shakespeare!",https://www.youtube.com/watch?v=jkutq1P7AHU,301,
A2,video,VOA Learning English · Let's Learn English (YouTube),Lesson 14: How About This?,https://www.youtube.com/watch?v=4Xn1Ysdmuvg,301,
A2,video,VOA Learning English · Let's Learn English (YouTube),Let's Learn English Lesson 15: I Love People-Watching!,https://www.youtube.com/watch?v=c6_7RYaNgdA,301,
A2,video,VOA Learning English · Let's Learn English (YouTube),Lesson 16: Where Are You From?,https://www.youtube.com/watch?v=QQavoMYmMVE,301,
A2,video,VOA Learning English · Let's Learn English (YouTube),Let's Learn English Lesson 17: Are You Free on Friday?,https://www.youtube.com/watch?v=91sCUUVTDV8,300,
A2,video,VOA Learning English · Let's Learn English (YouTube),Let's Learn English Lesson 18: She Always Does That,https://www.youtube.com/watch?v=he12VfXp5Ec,300,
A2,video,VOA Learning English · Let's Learn English (YouTube),Lesson 19: When Do I Start?,https://www.youtube.com/watch?v=lgEodUvA5Po,301,
A2,podcast,VOA Learning English · Health & Lifestyle,Containers for Planting Seeds That Cost (Almost) Nothing,https://voa-audio.voanews.eu/vle/2025/03/11/4eb6f62b-5ad5-48d6-321e-08dd5c897904.mp3,,"Tue, 11 Mar 2025 20:25:10 +0000"
A2,podcast,VOA Learning English · Health & Lifestyle,How Physical Therapists Can Prevent Future Health Problems,https://voa-audio.voanews.eu/vle/2025/01/02/3f137e5a-e66e-4026-bcd1-4d31293987e5.mp3,,"Mon, 10 Mar 2025 22:00:00 +0000"
A2,podcast,VOA Learning English · Health & Lifestyle,How Daylight Saving Time Affects Health,https://voa-audio.voanews.eu/vle/2025/03/06/1a6a170d-7de0-4fbb-2d5a-08dd5c897904.mp3,,"Thu, 06 Mar 2025 21:55:00 +0000"
A2,podcast,VOA Learning English · Health & Lifestyle,How Daylight Saving Time Affects Health,https://voa-audio.voanews.eu/vle/2025/03/06/1a6a170d-7de0-4fbb-2d5a-08dd5c897904.mp3,,"Thu, 06 Mar 2025 18:54:04 +0000"
A2,podcast,VOA Learning English · Health & Lifestyle,"For Healthy Aging, Plan to Exercise Regularly",https://voa-audio.voanews.eu/vle/2025/03/05/7130a0d3-5953-40a9-dfff-08dd5b028e57.mp3,,"Wed, 05 Mar 2025 20:24:55 +0000"
A2,podcast,VOA Learning English · Health & Lifestyle,Rise in ADHD Cases Raises Questions,https://voa-audio.voanews.eu/vle/2025/02/11/1062ebed-7224-4328-b6f0-08dd481ae9e5.mp3,,"Mon, 03 Mar 2025 22:00:00 +0000"
A2,podcast,VOA Learning English · Health & Lifestyle,New Flowering Plants for Gardeners to Try,https://voa-audio.voanews.eu/vle/2025/02/24/fda37fe2-2d74-45c2-8cd5-08dd4a843460.mp3,,"Mon, 03 Mar 2025 21:55:00 +0000"
A2,podcast,VOA Learning English · Health & Lifestyle,How to Reduce Risks of Bad Air Quality,https://voa-audio.voanews.eu/vle/2025/02/20/fe24b90e-d502-4e9d-e588-08dd4a81f35f.mp3,,"Wed, 26 Feb 2025 21:55:00 +0000"
A2,podcast,VOA Learning English · Health & Lifestyle,New Fruits and Vegetables for Gardeners to Try,https://voa-audio.voanews.eu/vle/2025/02/21/a344ac01-c0c2-4c34-8b0d-08dd4a843460.mp3,,"Tue, 25 Feb 2025 21:55:00 +0000"
A2,podcast,VOA Learning English · Health & Lifestyle,Experts Provide Tips for Avoiding Computer-linked Vision Trouble,https://voa-audio.voanews.eu/vle/2025/01/29/51324d1e-58cd-4d18-922c-cfe0a60d5b72.mp3,,"Mon, 24 Feb 2025 22:00:00 +0000"
A2,podcast,VOA Learning English · Health & Lifestyle,New Flowering Plants for Gardeners to Try,https://voa-audio.voanews.eu/vle/2025/02/24/fda37fe2-2d74-45c2-8cd5-08dd4a843460.mp3,,"Mon, 24 Feb 2025 18:58:57 +0000"
A2,podcast,VOA Learning English · Health & Lifestyle,American Fitness Industry Pays More Attention to ‘Recovery’,https://voa-audio.voanews.eu/vle/2025/02/24/79e9fe36-dd16-4a4d-e7f0-08dd4a81f35f.mp3,,"Mon, 24 Feb 2025 15:05:50 +0000"
A2,podcast,VOA Learning English · Health & Lifestyle,New Fruits and Vegetables for Gardeners to Try,https://voa-audio.voanews.eu/vle/2025/02/21/a344ac01-c0c2-4c34-8b0d-08dd4a843460.mp3,,"Fri, 21 Feb 2025 21:25:55 +0000"
A2,podcast,VOA Learning English · Health & Lifestyle,Study: Electrical Medical Device Helps Improve Muscle Strength,https://voa-audio.voanews.eu/vle/2025/02/11/7c9943c4-e912-4cbe-f4ff-08dd4a817620.mp3,,"Thu, 20 Feb 2025 22:00:00 +0000"
A2,podcast,VOA Learning English · Health & Lifestyle,How to Reduce Risks of Bad Air Quality,https://voa-audio.voanews.eu/vle/2025/02/20/fe24b90e-d502-4e9d-e588-08dd4a81f35f.mp3,,"Thu, 20 Feb 2025 21:40:13 +0000"
A2,podcast,VOA Learning English · Health & Lifestyle,Saying ‘No’ at Work Can Be Good for Your Health,https://voa-audio.voanews.eu/vle/2025/01/27/cd565e91-78b7-48b8-9278-7710eaeadad4.mp3,,"Mon, 17 Feb 2025 22:00:00 +0000"
A2,podcast,VOA Learning English · Health & Lifestyle,WHO Launches New Cancer Drug Plan for Children,https://voa-audio.voanews.eu/vle/2025/02/12/0cade593-9ba0-4b52-dddc-08dd4a81f35f.mp3,,"Mon, 17 Feb 2025 21:55:00 +0000"
A2,podcast,VOA Learning English · Health & Lifestyle,Study: Electrical Medical Device Helps Improve Muscle Strength,https://voa-audio.voanews.eu/vle/2025/02/11/7c9943c4-e912-4cbe-f4ff-08dd4a817620.mp3,,"Wed, 12 Feb 2025 17:40:40 +0000"
A2,podcast,VOA Learning English · Health & Lifestyle,What Is the healthiest way to prepare vegetables?,https://voa-audio.voanews.eu/vle/2025/02/11/d7a267ad-2e09-4224-b6dd-08dd481ae9e5.mp3,,"Tue, 11 Feb 2025 21:55:00 +0000"
A2,podcast,VOA Learning English · Health & Lifestyle,What Is the healthiest way to prepare vegetables?,https://voa-audio.voanews.eu/vle/2025/02/11/d7a267ad-2e09-4224-b6dd-08dd481ae9e5.mp3,,"Tue, 11 Feb 2025 14:37:57 +0000"
B1,video,BBC Learning English · Real Easy English (YouTube),Neil's difficult summer job in Canada 🫛 | Practise your listening with Real Easy English,https://www.youtube.com/watch?v=HHLfkHkUc14,326,
B1,video,BBC Learning English · Real Easy English (YouTube),Our favourite sweet foods 🍦🍭🍫  Practise your listening with Real Easy English,https://www.youtube.com/watch?v=P3jsDVjil2o,397,
B1,video,BBC Learning English · Real Easy English (YouTube),When is it OK to complain? ☝️😠 | Practise your listening skills with Real Easy English,https://www.youtube.com/watch?v=E3G-dsvZHGU,362,
B1,video,BBC Learning English · Real Easy English (YouTube),Do you like cleaning? 🚽🧹🧽 | Improve your listening skills with Real Easy English,https://www.youtube.com/watch?v=q4JyFF46528,359,
B1,video,BBC Learning English · Real Easy English (YouTube),How do you take your coffee? ☕🥛🍯 Improve your listening skills with Real Easy English,https://www.youtube.com/watch?v=BFJsSnEEGrI,337,
B1,video,BBC Learning English · Real Easy English (YouTube),Are you in a good or bad mood? 🤩😡 Improve your listening with Real Easy English,https://www.youtube.com/watch?v=qfQ61oYIbxY,336,
B1,video,BBC Learning English · Real Easy English (YouTube),Do you like spicy food? 🌶️🥵 Improve your listening with Real Easy English,https://www.youtube.com/watch?v=ChYnYM0txRk,342,
B1,video,BBC Learning English · Real Easy English (YouTube),What are the pros and cons of living in a city?🏙️: Real Easy English,https://www.youtube.com/watch?v=bGxdYW_6rjQ,342,
B1,video,BBC Learning English · Real Easy English (YouTube),How to talk about your family tree in English🌳🤗: Real Easy English,https://www.youtube.com/watch?v=W_yFHgHafKM,353,
B1,video,BBC Learning English · Real Easy English (YouTube),A real conversation in easy English about hair 💇‍♀️💈: Real Easy English,https://www.youtube.com/watch?v=n0rrgJ4MGdY,354,
B1,video,BBC Learning English · Real Easy English (YouTube),What's your dream job? 🤩🧑‍🚒🧑‍🚀 Real Easy English,https://www.youtube.com/watch?v=6Bzmb8uFQz4,306,
B1,video,BBC Learning English · Real Easy English (YouTube),The things we throw away 🗑️♻️🙀 Real Easy English,https://www.youtube.com/watch?v=3FP-RbqWB_s,358,
B1,video,BBC Learning English · Real Easy English (YouTube),Are you a tidy or messy person?🧹🪣🧼 Real Easy English,https://www.youtube.com/watch?v=z0qA_5vDl0g,328,
B1,video,BBC Learning English · Real Easy English (YouTube),How English speakers talk about brothers and sisters 👦🧬👧 Real Easy English,https://www.youtube.com/watch?v=M_HGq2smydM,266,
B1,video,BBC Learning English · Real Easy English (YouTube),What are you doing this summer? 🏖️😎 Real Easy English,https://www.youtube.com/watch?v=vx_r_9Z7DrY,337,
B1,video,BBC Learning English · Real Easy English (YouTube),How to talk about your brain 🧠🤓💆 Real Easy English,https://www.youtube.com/watch?v=j64n3KdIob0,342,
B1,video,BBC Learning English · Real Easy English (YouTube),Learn the language of secrets 🤫🤐🙊 Real Easy English,https://www.youtube.com/watch?v=Gct6PU-D5qw,330,
B1,video,BBC Learning English · Real Easy English (YouTube),Don't worry! Learn the language you need to talk about your worries 😕🤦😬 Real Easy English,https://www.youtube.com/watch?v=fLB70DZdqIE,284,
B1,video,BBC Learning English · Real Easy English (YouTube),Talking about meetings 🗓️🤝👔 Real Easy English,https://www.youtube.com/watch?v=TL61VKkme14,351,
B1,video,BBC Learning English · Real Easy English (YouTube),Talking about lunch 🥪🍴🥗 Real Easy English,https://www.youtube.com/watch?v=_5x_h23rXWE,343,
B1,podcast,VOA Learning English · As It Is,The Brooklyn Bridge: A Symbol of New York City,https://voa-audio.voanews.eu/vle/2025/03/14/2fdbd895-2bc9-4610-08d8-08dd5c8b1668.mp3,,"Fri, 14 Mar 2025 13:19:43 +0000"
B1,podcast,VOA Learning English · As It Is,The U.S. Bullion Depository at Fort Knox Holds America’s Gold,https://voa-audio.voanews.eu/vle/2025/03/13/09226d41-24ab-40ca-3489-08dd5c897904.mp3,,"Thu, 13 Mar 2025 22:11:02 +0000"
B1,podcast,VOA Learning English · As It Is,Researchers: South Korea’s Birth Rate Increase Last Year Unclear,https://voa-audio.voanews.eu/vle/2025/03/05/e4a0af84-7057-4f35-9015-08dd5b02d8d7.mp3,,"Wed, 12 Mar 2025 22:00:00 +0000"
B1,podcast,VOA Learning English · As It Is,Australian Navy Rescues Rower Crossing Pacific from California,https://voa-audio.voanews.eu/vle/2025/03/07/bb7a5958-58f5-401d-2e48-08dd5c897904.mp3,,"Tue, 11 Mar 2025 21:55:00 +0000"
B1,podcast,VOA Learning English · As It Is,"Japanese Barber, Age 108, Wins Guinness World Record",https://voa-audio.voanews.eu/vle/2025/03/10/4864dee6-ad3f-40f7-0466-08dd5c8b1668.mp3,,"Mon, 10 Mar 2025 19:15:35 +0000"
B1,podcast,VOA Learning English · As It Is,British House of Lords Votes to Protect the Pint Measurement,https://voa-audio.voanews.eu/vle/2025/03/10/1e835d8c-9b4c-4742-03e1-08dd5c8b1668.mp3,,"Mon, 10 Mar 2025 14:31:41 +0000"
B1,podcast,VOA Learning English · As It Is,American Steve Fossett Set Flying and Sailing Records,https://voa-audio.voanews.eu/vle/2025/03/07/3540b33c-1053-4a04-0258-08dd5c8b1668.mp3,,"Fri, 07 Mar 2025 20:27:25 +0000"
B1,podcast,VOA Learning English · As It Is,Australian Navy Rescues Rower Crossing Pacific from California,https://voa-audio.voanews.eu/vle/2025/03/07/bb7a5958-58f5-401d-2e48-08dd5c897904.mp3,,"Fri, 07 Mar 2025 18:54:34 +0000"
B1,podcast,VOA Learning English · As It Is,Buckminster Fuller: Designer and Thinker,https://voa-audio.voanews.eu/vle/2025/03/05/069465b9-680a-4d1a-906d-08dd5b02d8d7.mp3,,"Wed, 05 Mar 2025 21:02:09 +0000"
B1,podcast,VOA Learning English · As It Is,Hoover Dam: Controlling Water and Providing Power,https://voa-audio.voanews.eu/vle/2025/03/05/ca2bbea4-dc28-485a-dff0-08dd5b028e57.mp3,,"Wed, 05 Mar 2025 19:47:29 +0000"
B1,podcast,VOA Learning English · As It Is,Researchers: South Korea’s Birth Rate Increase Last Year Unclear,https://voa-audio.voanews.eu/vle/2025/03/05/e4a0af84-7057-4f35-9015-08dd5b02d8d7.mp3,,"Wed, 05 Mar 2025 18:22:53 +0000"
B1,podcast,VOA Learning English · As It Is,The Golden Gate Bridge: San Francisco’s Historic Suspension Bridge,https://voa-audio.voanews.eu/vle/2025/03/04/77b3e71e-188e-45b7-8f60-08dd5b02d8d7.mp3,,"Wed, 05 Mar 2025 15:31:37 +0000"
B1,podcast,VOA Learning English · As It Is,Martha Washington: America’s First First Lady,https://voa-audio.voanews.eu/vle/2025/03/03/7c3d64f5-6ad6-4d09-ef34-08dd4a81f35f.mp3,,"Mon, 03 Mar 2025 21:51:59 +0000"
B1,podcast,VOA Learning English · As It Is,"Milton Hershey, Founder of America’s Most Famous Chocolate",https://voa-audio.voanews.eu/vle/2025/03/03/a7e1a8d4-0956-47ad-937e-08dd4a843460.mp3,,"Mon, 03 Mar 2025 19:44:12 +0000"
B1,podcast,VOA Learning English · As It Is,Lincoln's Cottage: a Country House for the President,https://voa-audio.voanews.eu/vle/2025/02/27/debfc591-05e8-4b2c-03b2-08dd4a817621.mp3,,"Thu, 27 Feb 2025 19:39:31 +0000"
B1,podcast,VOA Learning English · As It Is,Jane Jacobs: an Influential Thinker about Cities,https://voa-audio.voanews.eu/vle/2025/02/26/9579ae8f-90cf-485a-8f2d-08dd4a843460.mp3,,"Wed, 26 Feb 2025 20:35:24 +0000"
B1,podcast,VOA Learning English · As It Is,"Skyscrapers, Made in America",https://voa-audio.voanews.eu/vle/2025/02/25/261b6291-f57d-488d-01b9-08dd4a817621.mp3,,"Wed, 26 Feb 2025 15:32:12 +0000"
B1,podcast,VOA Learning English · As It Is,"James Madison, Father of America’s Constitution",https://voa-audio.voanews.eu/vle/2025/02/25/d716517a-6c84-4b91-e9ab-08dd4a81f35f.mp3,,"Wed, 26 Feb 2025 13:21:11 +0000"
B1,podcast,VOA Learning English · As It Is,American Spy: Virginia Hall,https://voa-audio.voanews.eu/vle/2025/02/25/6f79d755-fa81-4fd4-8e60-08dd4a843460.mp3,,"Wed, 26 Feb 2025 13:09:00 +0000"
B1,podcast,VOA Learning English · As It Is,Pearl S. Buck: The First American Woman to Win a Nobel Prize in Literature,https://voa-audio.voanews.eu/vle/2025/02/19/0c5b946d-117b-4862-fc34-08dd4a817620.mp3,,"Tue, 25 Feb 2025 22:05:00 +0000"
B2,video,BBC Learning English · Learning English from the News (YouTube),Trump and Xi to meet in Washington summit | BBC Learning English from the News,https://www.youtube.com/watch?v=M6gAF_YCzGY,516,
B2,video,BBC Learning English · Learning English from the News (YouTube),"Humans could lose control of AI systems, AI boss says | BBC Learning English from the News",https://www.youtube.com/watch?v=f_MUzfzI4RM,483,
B2,video,BBC Learning English · Learning English from the News (YouTube),Transplanted pig kidney works inside patient for record nine months | Learning English from the News,https://www.youtube.com/watch?v=ScyumiPXca8,506,
B2,video,BBC Learning English · Learning English from the News (YouTube),Nepal recovering from impact of flash floods 💻: Learn about the news in English 🗞️,https://www.youtube.com/watch?v=FuExlxdoTcY,500,
B2,video,BBC Learning English · Learning English from the News (YouTube),"AI hacking other companies by itself, causing security fears 💻: Learn about the news in English 🗞️",https://www.youtube.com/watch?v=zl0dwwKhmuM,496,
B2,video,BBC Learning English · Learning English from the News (YouTube),US states call for changes to Instagram and Facebook 📱: Learn vocabulary from the news headlines 🗞️,https://www.youtube.com/watch?v=8ip3fMwdhx0,461,
B2,video,BBC Learning English · Learning English from the News (YouTube),Europe's first solar eclipse since 1999 🌝🌚: Learn vocabulary from the news headlines 🗞️,https://www.youtube.com/watch?v=K8Dwy0u5pp8,545,
B2,video,BBC Learning English · Learning English from the News (YouTube),"60,000 migrants cross Spanish border: BBC Learning English from the News",https://www.youtube.com/watch?v=MlHJCNLa__k,484,
B2,video,BBC Learning English · Learning English from the News (YouTube),Some gamers unhappy about the end of PlayStation discs: BBC Learning English from the News,https://www.youtube.com/watch?v=zXz72SmVg2E,452,
B2,video,BBC Learning English · Learning English from the News (YouTube),Social media more popular news source than TV and news websites: BBC Learning English from the News,https://www.youtube.com/watch?v=qRsLwL9lJQg,486,
B2,video,BBC Learning English · Learning English from the News (YouTube),What are the benefits of drinking coffee and caffeinated drinks?: BBC Learning English from the News,https://www.youtube.com/watch?v=gUuDZ5U8P0k,464,
B2,video,BBC Learning English · Learning English from the News (YouTube),Taylor Swift Wedding: BBC Learning English from the News,https://www.youtube.com/watch?v=pNRSi4henGA,454,
B2,video,BBC Learning English · Learning English from the News (YouTube),Venezuela earthquakes: BBC Learning English from the News,https://www.youtube.com/watch?v=cMxDulMKJcY,443,
B2,video,BBC Learning English · Learning English from the News (YouTube),Keir Starmer resigns as UK Prime Minister: BBC Learning English from the News,https://www.youtube.com/watch?v=AtFbr0bh394,451,
B2,video,BBC Learning English · Learning English from the News (YouTube),US and Iran to sign peace deal: BBC Learning English from the News,https://www.youtube.com/watch?v=UWwpe7cHxXw,485,
B2,video,BBC Learning English · Learning English from the News (YouTube),Fifa World Cup excitement and concern: BBC Learning English from the News,https://www.youtube.com/watch?v=aLr--T6FBLc,507,
B2,video,BBC Learning English · Learning English from the News (YouTube),What could a super El Niño bring? BBC Learning English from the News,https://www.youtube.com/watch?v=j25wX7H1fnk,512,
B2,video,BBC Learning English · Learning English from the News (YouTube),Is social media 'the new smoking'?: BBC Learning English from the News,https://www.youtube.com/watch?v=2FZEznNC-Fs,561,
B2,video,BBC Learning English · Learning English from the News (YouTube),Ebola: Deadly virus spreads. Cases in DR Congo and Uganda: BBC Learning English from the News,https://www.youtube.com/watch?v=2kgoyo0iSrg,495,
B2,video,BBC Learning English · Learning English from the News (YouTube),Passengers evacuated from hantavirus-affected MV Hondius: BBC Learning English from the News,https://www.youtube.com/watch?v=bLRwWCAdEAM,433,
B2,podcast,BBC Learning English · 6 Minute English,Why do we itch?,http://open.live.bbc.co.uk/mediaselector/6/redir/version/2.0/mediaset/audio-nondrm-download-rss-low/proto/http/vpid/p0pc618w.mp3,382,"Thu, 24 Sep 2026 07:47:00 +0000"
B2,podcast,BBC Learning English · 6 Minute English,Is rejection good for us?,http://open.live.bbc.co.uk/mediaselector/6/redir/version/2.0/mediaset/audio-nondrm-download-rss-low/proto/http/vpid/p0pb0qlf.mp3,381,"Thu, 17 Sep 2026 08:34:00 +0000"
B2,podcast,BBC Learning English · 6 Minute English,Can apps teach you a language?,http://open.live.bbc.co.uk/mediaselector/6/redir/version/2.0/mediaset/audio-nondrm-download-rss-low/proto/http/vpid/p0p8w5by.mp3,397,"Thu, 10 Sep 2026 07:46:00 +0000"
B2,podcast,BBC Learning English · 6 Minute English,Climate change and extreme weather,http://open.live.bbc.co.uk/mediaselector/6/redir/version/2.0/mediaset/audio-nondrm-download-rss-low/proto/http/vpid/p0p7p91r.mp3,396,"Thu, 03 Sep 2026 08:33:00 +0000"
B2,podcast,BBC Learning English · 6 Minute English,How do we describe smells?,http://open.live.bbc.co.uk/mediaselector/6/redir/version/2.0/mediaset/audio-nondrm-download-rss-low/proto/http/vpid/p0p6j2hz.mp3,397,"Thu, 27 Aug 2026 09:16:00 +0000"
B2,podcast,BBC Learning English · 6 Minute English,Sharing the road with driverless cars,http://open.live.bbc.co.uk/mediaselector/6/redir/version/2.0/mediaset/audio-nondrm-download-rss-low/proto/http/vpid/p0p5h6cg.mp3,397,"Thu, 20 Aug 2026 13:13:00 +0000"
B2,podcast,BBC Learning English · 6 Minute English,Who does the housework?,http://open.live.bbc.co.uk/mediaselector/6/redir/version/2.0/mediaset/audio-nondrm-download-rss-low/proto/http/vpid/p0p4779b.mp3,395,"Thu, 13 Aug 2026 08:30:00 +0000"
B2,podcast,BBC Learning English · 6 Minute English,How do climate scientists make predictions?,http://open.live.bbc.co.uk/mediaselector/6/redir/version/2.0/mediaset/audio-nondrm-download-rss-low/proto/http/vpid/p0p2ygrc.mp3,399,"Thu, 06 Aug 2026 09:11:00 +0000"
B2,podcast,BBC Learning English · 6 Minute English,The Enhanced Games,http://open.live.bbc.co.uk/mediaselector/6/redir/version/2.0/mediaset/audio-nondrm-download-rss-low/proto/http/vpid/p0p1q8ns.mp3,397,"Thu, 30 Jul 2026 14:14:00 +0000"
B2,podcast,BBC Learning English · 6 Minute English,Children in warzones,http://open.live.bbc.co.uk/mediaselector/6/redir/version/2.0/mediaset/audio-nondrm-download-rss-low/proto/http/vpid/p0ny2jn5.mp3,404,"Thu, 23 Jul 2026 14:03:00 +0000"
B2,podcast,BBC Learning English · 6 Minute English,What's in a footballer's brain?,http://open.live.bbc.co.uk/mediaselector/6/redir/version/2.0/mediaset/audio-nondrm-download-rss-low/proto/http/vpid/p0ny289g.mp3,389,"Thu, 16 Jul 2026 14:00:00 +0000"
B2,podcast,BBC Learning English · 6 Minute English,Should we cycle more?,http://open.live.bbc.co.uk/mediaselector/6/redir/version/2.0/mediaset/audio-nondrm-download-rss-low/proto/http/vpid/p0nxqqhc.mp3,373,"Thu, 09 Jul 2026 09:19:00 +0000"
B2,podcast,BBC Learning English · 6 Minute English,Rude emails,http://open.live.bbc.co.uk/mediaselector/6/redir/version/2.0/mediaset/audio-nondrm-download-rss-low/proto/http/vpid/p0nwb722.mp3,394,"Thu, 02 Jul 2026 08:19:00 +0000"
B2,podcast,BBC Learning English · 6 Minute English,Stress-free family meals,http://open.live.bbc.co.uk/mediaselector/6/redir/version/2.0/mediaset/audio-nondrm-download-rss-low/proto/http/vpid/p0ntzw6q.mp3,405,"Thu, 25 Jun 2026 08:41:00 +0000"
B2,podcast,BBC Learning English · 6 Minute English,Limiting screen time for children,http://open.live.bbc.co.uk/mediaselector/6/redir/version/2.0/mediaset/audio-nondrm-download-rss-low/proto/http/vpid/p0nsp04k.mp3,407,"Thu, 18 Jun 2026 10:18:00 +0000"
B2,podcast,BBC Learning English · 6 Minute English,How advertisers make us spend money,http://open.live.bbc.co.uk/mediaselector/6/redir/version/2.0/mediaset/audio-nondrm-download-rss-low/proto/http/vpid/p0nrcdc1.mp3,395,"Thu, 11 Jun 2026 11:17:00 +0000"
B2,podcast,BBC Learning English · 6 Minute English,The power of poetry,http://open.live.bbc.co.uk/mediaselector/6/redir/version/2.0/mediaset/audio-nondrm-download-rss-low/proto/http/vpid/p0nq04vv.mp3,395,"Thu, 04 Jun 2026 09:37:00 +0000"
B2,podcast,BBC Learning English · 6 Minute English,Living with debt,http://open.live.bbc.co.uk/mediaselector/6/redir/version/2.0/mediaset/audio-nondrm-download-rss-low/proto/http/vpid/p0nnpnyn.mp3,397,"Thu, 28 May 2026 08:10:00 +0000"
B2,podcast,BBC Learning English · 6 Minute English,Making cities feel quieter,http://open.live.bbc.co.uk/mediaselector/6/redir/version/2.0/mediaset/audio-nondrm-download-rss-low/proto/http/vpid/p0nmfyjw.mp3,397,"Thu, 21 May 2026 09:10:00 +0000"
B2,podcast,BBC Learning English · 6 Minute English,How reading shapes your brain,http://open.live.bbc.co.uk/mediaselector/6/redir/version/2.0/mediaset/audio-nondrm-download-rss-low/proto/http/vpid/p0nl4l5w.mp3,395,"Thu, 14 May 2026 09:32:00 +0000"
C1+,video,TED-Ed (YouTube),Why magnets stumped scientists for so long - Rachel Yang,https://www.youtube.com/watch?v=jG7ULeWUfDw,347,
C1+,video,TED-Ed (YouTube),4 ways to fix your attention span - Shannon Odell,https://www.youtube.com/watch?v=N2uQWfV6Jr4,326,
C1+,video,TED-Ed (YouTube),Everything you need to know about bird flu - Benjamin Anderson,https://www.youtube.com/watch?v=bHB5iiDDJ-s,390,
C1+,video,TED-Ed (YouTube),How to explain something complicated,https://www.youtube.com/watch?v=EMbZ72cCAzI,569,
C1+,video,TED-Ed (YouTube),Why do some people have a better sense of direction than others? - Oliver Baumann,https://www.youtube.com/watch?v=I8XaYkRW1tA,354,
C1+,video,TED-Ed (YouTube),Ever walk into a room and forget what you were doing? - Gabriel Radvansky,https://www.youtube.com/watch?v=_gP3aXvNmv8,345,
C1+,video,TED-Ed (YouTube),"What are tariffs, and how do they work?",https://www.youtube.com/watch?v=BSdEiOYvKpE,340,
C1+,video,TED-Ed (YouTube),4 ways to tell a great story,https://www.youtube.com/watch?v=JOs-q7rXqdk,306,
C1+,video,TED-Ed (YouTube),Plato’s infamous Ship of State thought experiment - Michael Vazquez,https://www.youtube.com/watch?v=QyRqlTV60zM,340,
C1+,video,TED-Ed (YouTube),"The tragedy of Cassandra, the princess who predicted the fall of Troy - Iseult Gillespie",https://www.youtube.com/watch?v=l29K-ZkARmE,280,
C1+,video,TED-Ed (YouTube),How do Maglev trains work? - Ning Zhao,https://www.youtube.com/watch?v=2A1IEBFt6Xg,388,
C1+,video,TED-Ed (YouTube),"The fastest way to board a plane, according to mathematics - Rachel Yang",https://www.youtube.com/watch?v=-61qDRPG3to,358,
C1+,video,TED-Ed (YouTube),Red gold: The world's most expensive spice - Carolyn Beans,https://www.youtube.com/watch?v=krNP8RlDsbw,401,
C1+,video,TED-Ed (YouTube),The magical forest realm hiding at the bottom of the ocean - Luka Seamus Wright and Salomé Buglass,https://www.youtube.com/watch?v=5jPCAlE0z7I,351,
C1+,video,TED-Ed (YouTube),When did we start using passports? - Kristin Surak,https://www.youtube.com/watch?v=JhxuP0AuRPA,369,
C1+,video,TED-Ed (YouTube),How does the space station never run out of oxygen? - Alvaro Romero-Calvo and Theo St Francis,https://www.youtube.com/watch?v=5ljV0Vxu00M,371,
C1+,video,TED-Ed (YouTube),"Psychedelics, mind control, radiation-eating: The secret superpowers of fungi - Max G. Levy",https://www.youtube.com/watch?v=QIqKGMM8ivM,373,
C1+,video,TED-Ed (YouTube),How a broken heart affects your body,https://www.youtube.com/watch?v=DbEZmLoGDbk,318,
C1+,video,TED-Ed (YouTube),Why avalanches are most deadly when they stop - Simon Trautman,https://www.youtube.com/watch?v=6hCo4S_1Fhw,334,
C1+,video,TED-Ed (YouTube),Should you rinse your dishes before placing them in the dishwasher? - Rachel Yang,https://www.youtube.com/watch?v=FBpBUwlDId0,305,
C1+,podcast,NPR · Up First,"Powerful storms hit the US, Supreme Court Rejects Missouri Maps, Mortgage Rates Rise",https://prfx.byspotify.com/e/play.podtrac.com/npr-510318/npr.simplecastaudio.com/d52bee4a-b10a-40f8-9417-45064e6b8632/episodes/36d8c84a-8ebf-4231-bb83-53a8335db2d3/audio/128/default.mp3?awCollectionId=d52bee4a-b10a-40f8-9417-45064e6b8632&awEpisodeId=36d8c84a-8ebf-4231-bb83-53a8335db2d3&feed=HMwRVgVt&t=podcast&e=nx-s1-5981231&p=510318&d=839&size=13430326,839,"Sat, 26 Sep 2026 13:47:17 +0000"
C1+,podcast,NPR · Up First,"Trump-Xi Summit, White House Media Ban Update, Netanyahu's UN Speech",https://prfx.byspotify.com/e/play.podtrac.com/npr-510318/npr.simplecastaudio.com/d52bee4a-b10a-40f8-9417-45064e6b8632/episodes/05af3599-679f-4b72-a9ec-7f437067a86b/audio/128/default.mp3?awCollectionId=d52bee4a-b10a-40f8-9417-45064e6b8632&awEpisodeId=05af3599-679f-4b72-a9ec-7f437067a86b&feed=HMwRVgVt&t=podcast&e=nx-s1-5981014&p=510318&d=752&size=12048553,752,"Fri, 25 Sep 2026 10:04:39 +0000"
C1+,podcast,NPR · Up First,"Court Temporarily Blocks Media Ban, Trump-Xi White House Meeting, UNGA Diplomacy",https://prfx.byspotify.com/e/play.podtrac.com/npr-510318/npr.simplecastaudio.com/d52bee4a-b10a-40f8-9417-45064e6b8632/episodes/3427827c-6748-4bec-8086-77bbcdc905f8/audio/128/default.mp3?awCollectionId=d52bee4a-b10a-40f8-9417-45064e6b8632&awEpisodeId=3427827c-6748-4bec-8086-77bbcdc905f8&feed=HMwRVgVt&t=podcast&e=nx-s1-5979585&p=510318&d=782&size=12513741,782,"Thu, 24 Sep 2026 10:11:41 +0000"
C1+,podcast,NPR · Up First,"US And Iran Talk At UNGA, Poll Shows Dems Lead Midterm, White House Media Ban Lawsuit",https://prfx.byspotify.com/e/play.podtrac.com/npr-510318/npr.simplecastaudio.com/d52bee4a-b10a-40f8-9417-45064e6b8632/episodes/1bbb8122-cf99-4f52-b43d-1fe56feb9517/audio/128/default.mp3?awCollectionId=d52bee4a-b10a-40f8-9417-45064e6b8632&awEpisodeId=1bbb8122-cf99-4f52-b43d-1fe56feb9517&feed=HMwRVgVt&t=podcast&e=nx-s1-5978592&p=510318&d=781&size=12504965,781,"Wed, 23 Sep 2026 10:16:11 +0000"
C1+,podcast,NPR · Up First,"News Outlets Protest Trump's Media Bans, Trump At UNGA, Paramount Merger Settlement",https://prfx.byspotify.com/e/play.podtrac.com/npr-510318/npr.simplecastaudio.com/d52bee4a-b10a-40f8-9417-45064e6b8632/episodes/8fa3a3f2-283d-4906-aa63-ca119a203259/audio/128/default.mp3?awCollectionId=d52bee4a-b10a-40f8-9417-45064e6b8632&awEpisodeId=8fa3a3f2-283d-4906-aa63-ca119a203259&feed=HMwRVgVt&t=podcast&e=nx-s1-5977558&p=510318&d=789&size=12637875,789,"Tue, 22 Sep 2026 09:59:54 +0000"
C1+,podcast,NPR · Up First,"UN General Assembly Week, Trump's Triumphal Arch, Air Traffic Control AI",https://prfx.byspotify.com/e/play.podtrac.com/npr-510318/npr.simplecastaudio.com/d52bee4a-b10a-40f8-9417-45064e6b8632/episodes/6e5bcfae-da67-4856-83ef-54a2579909dd/audio/128/default.mp3?awCollectionId=d52bee4a-b10a-40f8-9417-45064e6b8632&awEpisodeId=6e5bcfae-da67-4856-83ef-54a2579909dd&feed=HMwRVgVt&t=podcast&e=nx-s1-5976010&p=510318&d=830&size=13294071,830,"Mon, 21 Sep 2026 09:55:46 +0000"
C1+,podcast,NPR · Up First,"Trump Bans Media from White House, Europe on High Alert, College Sports Bill",https://prfx.byspotify.com/e/play.podtrac.com/npr-510318/npr.simplecastaudio.com/d52bee4a-b10a-40f8-9417-45064e6b8632/episodes/f1b060cc-911d-46d4-ab03-2a0d73dfec3e/audio/128/default.mp3?awCollectionId=d52bee4a-b10a-40f8-9417-45064e6b8632&awEpisodeId=f1b060cc-911d-46d4-ab03-2a0d73dfec3e&feed=HMwRVgVt&t=podcast&e=nx-s1-5974159&p=510318&d=938&size=15011467,938,"Sat, 19 Sep 2026 13:11:20 +0000"
C1+,podcast,NPR · Up First,"Kennedy Center Demolition Threat, Trump's Troubles, Poland Warns Of Russian Attacks",https://prfx.byspotify.com/e/play.podtrac.com/npr-510318/npr.simplecastaudio.com/d52bee4a-b10a-40f8-9417-45064e6b8632/episodes/1d8b3b10-bbfe-4e9c-aea2-d4e413fce17b/audio/128/default.mp3?awCollectionId=d52bee4a-b10a-40f8-9417-45064e6b8632&awEpisodeId=1d8b3b10-bbfe-4e9c-aea2-d4e413fce17b&feed=HMwRVgVt&t=podcast&e=nx-s1-5973805&p=510318&d=762&size=12199018,762,"Fri, 18 Sep 2026 10:14:16 +0000"
C1+,podcast,NPR · Up First,"Fed Raises Interest Rates, Iran War and Oil Prices, EU-Canada Alliance",https://prfx.byspotify.com/e/play.podtrac.com/npr-510318/npr.simplecastaudio.com/d52bee4a-b10a-40f8-9417-45064e6b8632/episodes/17f07ac9-8b1e-45d6-9f9a-04a8951961a1/audio/128/default.mp3?awCollectionId=d52bee4a-b10a-40f8-9417-45064e6b8632&awEpisodeId=17f07ac9-8b1e-45d6-9f9a-04a8951961a1&feed=HMwRVgVt&t=podcast&e=nx-s1-5972566&p=510318&d=790&size=12647071,790,"Thu, 17 Sep 2026 10:02:32 +0000"
C1+,podcast,NPR · Up First,"Federal Reserve Interest Rates, Reports Reveal Iran War Costs, Kennedy Center Closure",https://prfx.byspotify.com/e/play.podtrac.com/npr-510318/npr.simplecastaudio.com/d52bee4a-b10a-40f8-9417-45064e6b8632/episodes/c8fc9d18-4630-4c64-a98f-04bc74e41236/audio/128/default.mp3?awCollectionId=d52bee4a-b10a-40f8-9417-45064e6b8632&awEpisodeId=c8fc9d18-4630-4c64-a98f-04bc74e41236&feed=HMwRVgVt&t=podcast&e=nx-s1-5970932&p=510318&d=776&size=12418029,776,"Wed, 16 Sep 2026 10:01:39 +0000"
C1+,podcast,NPR · Up First,"Trump Downplays AI Risks, SCOTUS Mail-In Voting Ruling, Kennedy Center Bankruptcy",https://prfx.byspotify.com/e/play.podtrac.com/npr-510318/npr.simplecastaudio.com/d52bee4a-b10a-40f8-9417-45064e6b8632/episodes/1332ae22-16a3-41f7-90e8-82fc990fe290/audio/128/default.mp3?awCollectionId=d52bee4a-b10a-40f8-9417-45064e6b8632&awEpisodeId=1332ae22-16a3-41f7-90e8-82fc990fe290&feed=HMwRVgVt&t=podcast&e=nx-s1-5969393&p=510318&d=794&size=12713109,794,"Tue, 15 Sep 2026 10:22:31 +0000"
C1+,podcast,NPR · Up First,"AI Development Slowdown, Gulf States Postpone Iran Talks, Republican Midterm Strategy",https://prfx.byspotify.com/e/play.podtrac.com/npr-510318/npr.simplecastaudio.com/d52bee4a-b10a-40f8-9417-45064e6b8632/episodes/1165b3eb-1432-43e6-8d39-2b8c3cba660b/audio/128/default.mp3?awCollectionId=d52bee4a-b10a-40f8-9417-45064e6b8632&awEpisodeId=1165b3eb-1432-43e6-8d39-2b8c3cba660b&feed=HMwRVgVt&t=podcast&e=nx-s1-5968419&p=510318&d=806&size=12912475,806,"Mon, 14 Sep 2026 10:10:46 +0000"
C1+,podcast,NPR · Up First,"BRICS Summit in India, Amazon Air Plane Crash, Federal Film Tax Bill",https://prfx.byspotify.com/e/play.podtrac.com/npr-510318/npr.simplecastaudio.com/d52bee4a-b10a-40f8-9417-45064e6b8632/episodes/30c782bc-4d80-4bbd-b77f-8a11632eb9c8/audio/128/default.mp3?awCollectionId=d52bee4a-b10a-40f8-9417-45064e6b8632&awEpisodeId=30c782bc-4d80-4bbd-b77f-8a11632eb9c8&feed=HMwRVgVt&t=podcast&e=nx-s1-5964836&p=510318&d=907&size=14521617,907,"Sat, 12 Sep 2026 13:13:41 +0000"
C1+,podcast,NPR · Up First,"Remembering 9/11, Republican Midterm Convention Wraps, SCOTUS Missouri Redistricting",https://prfx.byspotify.com/e/play.podtrac.com/npr-510318/npr.simplecastaudio.com/d52bee4a-b10a-40f8-9417-45064e6b8632/episodes/13c2cb42-7750-4d80-9f29-d62d8e77d4dc/audio/128/default.mp3?awCollectionId=d52bee4a-b10a-40f8-9417-45064e6b8632&awEpisodeId=13c2cb42-7750-4d80-9f29-d62d8e77d4dc&feed=HMwRVgVt&t=podcast&e=nx-s1-5966366&p=510318&d=810&size=12967646,810,"Fri, 11 Sep 2026 09:55:23 +0000"
C1+,podcast,NPR · Up First,"Trump Convention Speech, Missouri Contempt And Redistricting, Apple's Foldable iPhone",https://prfx.byspotify.com/e/play.podtrac.com/npr-510318/npr.simplecastaudio.com/d52bee4a-b10a-40f8-9417-45064e6b8632/episodes/365cf9e8-3041-4bd1-96da-54c7d64fdbbd/audio/128/default.mp3?awCollectionId=d52bee4a-b10a-40f8-9417-45064e6b8632&awEpisodeId=365cf9e8-3041-4bd1-96da-54c7d64fdbbd&feed=HMwRVgVt&t=podcast&e=nx-s1-5964659&p=510318&d=796&size=12744037,796,"Thu, 10 Sep 2026 09:49:47 +0000"
C1+,podcast,NPR · Up First,"US Strikes Iran Oil Tankers, Israeli Settlements Sanctions, Smithsonian Head Retires",https://prfx.byspotify.com/e/play.podtrac.com/npr-510318/npr.simplecastaudio.com/d52bee4a-b10a-40f8-9417-45064e6b8632/episodes/2289e0f7-650c-4fc5-9ace-def4d50bffcb/audio/128/default.mp3?awCollectionId=d52bee4a-b10a-40f8-9417-45064e6b8632&awEpisodeId=2289e0f7-650c-4fc5-9ace-def4d50bffcb&feed=HMwRVgVt&t=podcast&e=nx-s1-5962642&p=510318&d=776&size=12428060,776,"Wed, 09 Sep 2026 10:05:32 +0000"
C1+,podcast,NPR · Up First,"Canada's Retaliatory Tariffs On US, Trumpapalooza Convention, Miami Cargo Plane Crash",https://prfx.byspotify.com/e/play.podtrac.com/npr-510318/npr.simplecastaudio.com/d52bee4a-b10a-40f8-9417-45064e6b8632/episodes/174367cc-84a0-47de-91fc-806f29b2f692/audio/128/default.mp3?awCollectionId=d52bee4a-b10a-40f8-9417-45064e6b8632&awEpisodeId=174367cc-84a0-47de-91fc-806f29b2f692&feed=HMwRVgVt&t=podcast&e=nx-s1-5960993&p=510318&d=794&size=12716871,794,"Tue, 08 Sep 2026 09:58:14 +0000"
C1+,podcast,NPR · Up First,"Miami Plane Crash, Witkoff & Kushner Visit Ukraine, Far-Right AfD Wins In Germany",https://prfx.byspotify.com/e/play.podtrac.com/npr-510318/npr.simplecastaudio.com/d52bee4a-b10a-40f8-9417-45064e6b8632/episodes/8fbaf762-83e0-493e-8939-ea7cbc718dc0/audio/128/default.mp3?awCollectionId=d52bee4a-b10a-40f8-9417-45064e6b8632&awEpisodeId=8fbaf762-83e0-493e-8939-ea7cbc718dc0&feed=HMwRVgVt&t=podcast&e=nx-s1-5960265&p=510318&d=777&size=12447286,777,"Mon, 07 Sep 2026 09:52:20 +0000"
C1+,podcast,NPR · Up First,"Negotiators to Moscow and Kyiv, Judge Issues Order on Arch, Western Wildfires",https://prfx.byspotify.com/e/play.podtrac.com/npr-510318/npr.simplecastaudio.com/d52bee4a-b10a-40f8-9417-45064e6b8632/episodes/4bc693bc-97df-4f53-8cdd-fdf8927f4671/audio/128/default.mp3?awCollectionId=d52bee4a-b10a-40f8-9417-45064e6b8632&awEpisodeId=4bc693bc-97df-4f53-8cdd-fdf8927f4671&feed=HMwRVgVt&t=podcast&e=nx-s1-5955693&p=510318&d=894&size=14320579,894,"Sat, 05 Sep 2026 13:10:03 +0000"
C1+,podcast,NPR · Up First,"Midterm Mail-In Voting Starts, IRS Targets DEI In Schools, ICE Officer Charged",https://prfx.byspotify.com/e/play.podtrac.com/npr-510318/npr.simplecastaudio.com/d52bee4a-b10a-40f8-9417-45064e6b8632/episodes/74bd81aa-712d-4391-a5da-786a2be4dd83/audio/128/default.mp3?awCollectionId=d52bee4a-b10a-40f8-9417-45064e6b8632&awEpisodeId=74bd81aa-712d-4391-a5da-786a2be4dd83&feed=HMwRVgVt&t=podcast&e=nx-s1-5957363&p=510318&d=795&size=12734843,795,"Fri, 04 Sep 2026 09:46:31 +0000"
